Title,Price,Rating,Colors,Size,Gender,timestamp
T-shirt 2,1634400.0,3.9,3,M,Women,2026-05-10 02:04:35.010323
Hoodie 3,7950080.0,4.8,3,L,Unisex,2026-05-10 02:04:35.010364
Pants 4,7476960.0,3.3,3,XL,Men,2026-05-10 02:04:35.010403
Outerwear 5,5145440.0,3.5,3,XXL,Women,2026-05-10 02:04:35.010439
Jacket 6,2453920.0,3.3,3,S,Unisex,2026-05-10 02:04:35.010474
Crewneck 7,6892000.0,4.3,3,M,Men,2026-05-10 02:04:35.010512
T-shirt 8,7802560.0,3.1,3,L,Women,2026-05-10 02:04:35.010548
Hoodie 9,3972160.0,3.2,3,XL,Unisex,2026-05-10 02:04:35.010582
Pants 10,3100160.0,4.2,3,XXL,Men,2026-05-10 02:04:35.010617
Jacket 12,8527840.0,3.9,3,M,Unisex,2026-05-10 02:04:35.010686
Crewneck 13,5447200.0,3.2,3,L,Men,2026-05-10 02:04:35.010721
T-shirt 14,3248800.0,3.8,3,XL,Women,2026-05-10 02:04:35.010762
Hoodie 15,2184160.0,3.6,3,XXL,Unisex,2026-05-10 02:04:35.010796
Outerwear 17,841600.0,3.8,3,M,Women,2026-05-10 02:04:35.010869
Jacket 18,5500000.0,3.8,3,L,Unisex,2026-05-10 02:04:35.010904
Crewneck 19,1308960.0,3.6,3,XL,Men,2026-05-10 02:04:35.010939
T-shirt 20,1325600.0,3.4,3,XXL,Women,2026-05-10 02:04:35.010973
Pants 22,4319680.0,4.9,3,M,Men,2026-05-10 02:04:35.229846
Outerwear 23,4655840.0,3.7,3,L,Women,2026-05-10 02:04:35.229883
Jacket 24,8223520.0,3.9,3,XL,Unisex,2026-05-10 02:04:35.229919
Crewneck 25,8322559.999999999,3.3,3,XXL,Men,2026-05-10 02:04:35.229954
T-shirt 26,7292320.0,4.6,3,S,Women,2026-05-10 02:04:35.229989
Hoodie 27,3551840.0,4.8,3,M,Unisex,2026-05-10 02:04:35.230026
Pants 28,5216160.0,4.0,3,L,Men,2026-05-10 02:04:35.230061
Outerwear 29,861600.0,3.1,3,XL,Women,2026-05-10 02:04:35.230096
Jacket 30,8610240.0,3.7,3,XXL,Unisex,2026-05-10 02:04:35.230131
T-shirt 32,6657920.0,3.4,3,M,Women,2026-05-10 02:04:35.230201
Hoodie 33,7248160.0,3.5,3,L,Unisex,2026-05-10 02:04:35.230236
Pants 34,8362719.999999999,3.8,3,XL,Men,2026-05-10 02:04:35.230271
Outerwear 35,1356160.0,3.8,3,XXL,Women,2026-05-10 02:04:35.230305
Jacket 36,7249280.0,3.7,3,S,Unisex,2026-05-10 02:04:35.230339
Crewneck 37,6006080.0,4.0,3,M,Men,2026-05-10 02:04:35.230374
T-shirt 38,4866080.0,3.2,3,L,Women,2026-05-10 02:04:35.230409
Hoodie 39,6431200.0,4.6,3,XL,Unisex,2026-05-10 02:04:35.230443
Pants 40,5853600.0,3.1,3,XXL,Men,2026-05-10 02:04:35.230478
Jacket 42,6744160.0,3.7,3,M,Unisex,2026-05-10 02:04:35.368430
Crewneck 43,2909600.0,4.5,3,L,Men,2026-05-10 02:04:35.368468
T-shirt 44,3312320.0,3.0,3,XL,Women,2026-05-10 02:04:35.368506
Hoodie 45,8693120.0,4.5,3,XXL,Unisex,2026-05-10 02:04:35.368542
Outerwear 47,6364640.0,3.2,3,M,Women,2026-05-10 02:04:35.368617
Jacket 48,4994720.0,3.4,3,L,Unisex,2026-05-10 02:04:35.368651
Crewneck 49,1071200.0,4.0,3,XL,Men,2026-05-10 02:04:35.368686
T-shirt 50,5932960.0,3.1,3,XXL,Women,2026-05-10 02:04:35.368721
Pants 52,1596480.0,4.0,3,M,Men,2026-05-10 02:04:35.368795
Outerwear 53,4470880.0,4.3,3,L,Women,2026-05-10 02:04:35.368830
Jacket 54,854560.0,4.2,3,XL,Unisex,2026-05-10 02:04:35.368865
Crewneck 55,1793760.0,3.6,3,XXL,Men,2026-05-10 02:04:35.368901
T-shirt 56,4643040.0,3.8,3,S,Women,2026-05-10 02:04:35.368936
Hoodie 57,3155360.0,4.9,3,M,Unisex,2026-05-10 02:04:35.368971
Pants 58,1637760.0,4.4,3,L,Men,2026-05-10 02:04:35.369006
Outerwear 59,2254240.0,4.6,3,XL,Women,2026-05-10 02:04:35.369041
Jacket 60,3375520.0,4.2,3,XXL,Unisex,2026-05-10 02:04:35.369075
T-shirt 62,1376480.0,3.8,3,M,Women,2026-05-10 02:04:35.546777
Hoodie 63,6479200.0,3.6,3,L,Unisex,2026-05-10 02:04:35.546815
Pants 64,7728480.0,4.0,3,XL,Men,2026-05-10 02:04:35.546854
Outerwear 65,2385920.0,4.1,3,XXL,Women,2026-05-10 02:04:35.546889
Jacket 66,4353120.0,3.5,3,S,Unisex,2026-05-10 02:04:35.546924
Crewneck 67,8470720.0,3.5,3,M,Men,2026-05-10 02:04:35.546958
T-shirt 68,8025280.0,4.0,3,L,Women,2026-05-10 02:04:35.546992
Hoodie 69,1027839.9999999999,3.6,3,XL,Unisex,2026-05-10 02:04:35.547025
Pants 70,1171360.0,4.4,3,XXL,Men,2026-05-10 02:04:35.547060
Jacket 72,3776000.0,4.4,3,M,Unisex,2026-05-10 02:04:35.547128
Crewneck 73,2460320.0,3.0,3,L,Men,2026-05-10 02:04:35.547162
T-shirt 74,7704800.0,3.8,3,XL,Women,2026-05-10 02:04:35.547196
Hoodie 75,2101760.0,4.3,3,XXL,Unisex,2026-05-10 02:04:35.547230
Outerwear 77,861760.0,3.7,3,M,Women,2026-05-10 02:04:35.547303
Jacket 78,2716480.0,4.3,3,L,Unisex,2026-05-10 02:04:35.547339
Crewneck 79,3309600.0,4.6,3,XL,Men,2026-05-10 02:04:35.547374
T-shirt 80,4178399.9999999995,4.5,3,XXL,Women,2026-05-10 02:04:35.547408
Pants 82,8315520.0,4.8,3,M,Men,2026-05-10 02:04:35.663528
Outerwear 83,3947840.0,3.7,3,L,Women,2026-05-10 02:04:35.663565
Jacket 84,2826080.0,4.8,3,XL,Unisex,2026-05-10 02:04:35.663601
Crewneck 85,4564160.0,3.5,3,XXL,Men,2026-05-10 02:04:35.663637
T-shirt 86,1670880.0,3.9,3,S,Women,2026-05-10 02:04:35.663672
Hoodie 87,7870240.0,4.3,3,M,Unisex,2026-05-10 02:04:35.663707
Pants 88,7590400.0,3.1,3,L,Men,2026-05-10 02:04:35.663742
Outerwear 89,4856320.0,3.0,3,XL,Women,2026-05-10 02:04:35.663777
Jacket 90,7160000.0,4.0,3,XXL,Unisex,2026-05-10 02:04:35.663812
T-shirt 92,5012320.0,3.5,3,M,Women,2026-05-10 02:04:35.663884
Hoodie 93,1365280.0,3.6,3,L,Unisex,2026-05-10 02:04:35.663919
Pants 94,1074880.0,4.3,3,XL,Men,2026-05-10 02:04:35.663955
Outerwear 95,6062240.0,3.5,3,XXL,Women,2026-05-10 02:04:35.663990
Jacket 96,4598240.0,4.9,3,S,Unisex,2026-05-10 02:04:35.664024
Crewneck 97,6113120.0,3.9,3,M,Men,2026-05-10 02:04:35.664059
T-shirt 98,8596960.0,3.1,3,L,Women,2026-05-10 02:04:35.664093
Hoodie 99,5028000.0,3.6,3,XL,Unisex,2026-05-10 02:04:35.664128
Pants 100,2217280.0,4.6,3,XXL,Men,2026-05-10 02:04:35.664163
Jacket 102,3840640.0,3.3,3,M,Unisex,2026-05-10 02:04:35.842828
Crewneck 103,2331680.0,3.5,3,L,Men,2026-05-10 02:04:35.842866
T-shirt 104,2374400.0,3.8,3,XL,Women,2026-05-10 02:04:35.842902
Hoodie 105,5019840.0,4.2,3,XXL,Unisex,2026-05-10 02:04:35.842938
Outerwear 107,6625120.0,4.0,3,M,Women,2026-05-10 02:04:35.843012
Jacket 108,5551680.0,4.8,3,L,Unisex,2026-05-10 02:04:35.843048
Crewneck 109,5886880.0,3.3,3,XL,Men,2026-05-10 02:04:35.843083
T-shirt 110,7197120.0,4.6,3,XXL,Women,2026-05-10 02:04:35.843122
Pants 112,4261920.0,3.3,3,M,Men,2026-05-10 02:04:35.843192
Outerwear 113,4472000.0,3.7,3,L,Women,2026-05-10 02:04:35.843227
Jacket 114,5386560.0,4.9,3,XL,Unisex,2026-05-10 02:04:35.843262
Crewneck 115,1933280.0,4.5,3,XXL,Men,2026-05-10 02:04:35.843297
T-shirt 116,3474560.0,3.0,3,S,Women,2026-05-10 02:04:35.843332
Hoodie 117,3376320.0,5.0,3,M,Unisex,2026-05-10 02:04:35.843367
Pants 118,5585440.0,3.2,3,L,Men,2026-05-10 02:04:35.843401
Outerwear 119,3561760.0,3.4,3,XL,Women,2026-05-10 02:04:35.843436
Jacket 120,7480320.0,4.0,3,XXL,Unisex,2026-05-10 02:04:35.843470
T-shirt 122,1961920.0,3.6,3,M,Women,2026-05-10 02:04:36.015762
Hoodie 123,4498080.0,3.8,3,L,Unisex,2026-05-10 02:04:36.015799
Pants 124,7023520.0,3.2,3,XL,Men,2026-05-10 02:04:36.015836
Outerwear 125,6998240.0,4.2,3,XXL,Women,2026-05-10 02:04:36.015872
Jacket 126,4426080.0,3.9,3,S,Unisex,2026-05-10 02:04:36.015907
Crewneck 127,8311680.0,4.0,3,M,Men,2026-05-10 02:04:36.015942
T-shirt 128,4466720.0,3.8,3,L,Women,2026-05-10 02:04:36.015978
Hoodie 129,2532480.0,4.5,3,XL,Unisex,2026-05-10 02:04:36.016014
Pants 130,6603520.0,4.8,3,XXL,Men,2026-05-10 02:04:36.016051
Jacket 132,6474880.0,4.2,3,M,Unisex,2026-05-10 02:04:36.016122
Crewneck 133,2016320.0,4.7,3,L,Men,2026-05-10 02:04:36.016157
T-shirt 134,5937440.0,3.2,3,XL,Women,2026-05-10 02:04:36.016192
Hoodie 135,5141440.0,4.7,3,XXL,Unisex,2026-05-10 02:04:36.016227
Outerwear 137,6988320.0,4.5,3,M,Women,2026-05-10 02:04:36.016301
Jacket 138,4635520.0,3.4,3,L,Unisex,2026-05-10 02:04:36.016337
Crewneck 139,8053120.0,4.5,3,XL,Men,2026-05-10 02:04:36.016373
T-shirt 140,6811040.0,3.5,3,XXL,Women,2026-05-10 02:04:36.016409
Pants 142,2325280.0,4.9,3,M,Men,2026-05-10 02:04:36.275953
Outerwear 143,3346560.0,4.9,3,L,Women,2026-05-10 02:04:36.275992
Jacket 144,5758240.0,4.3,3,XL,Unisex,2026-05-10 02:04:36.276029
Crewneck 145,3472800.0,4.8,3,XXL,Men,2026-05-10 02:04:36.276065
T-shirt 146,7688640.0,4.3,3,S,Women,2026-05-10 02:04:36.276102
Hoodie 147,3052800.0,5.0,3,M,Unisex,2026-05-10 02:04:36.276137
Pants 148,6033440.0,4.7,3,L,Men,2026-05-10 02:04:36.276173
Outerwear 149,3105920.0,3.2,3,XL,Women,2026-05-10 02:04:36.276213
Jacket 150,1500640.0,3.6,3,XXL,Unisex,2026-05-10 02:04:36.276249
T-shirt 152,6288640.0,4.2,3,M,Women,2026-05-10 02:04:36.276320
Hoodie 153,2660640.0,4.3,3,L,Unisex,2026-05-10 02:04:36.276355
Pants 154,2337440.0,3.0,3,XL,Men,2026-05-10 02:04:36.276392
Outerwear 155,3783200.0,4.1,3,XXL,Women,2026-05-10 02:04:36.276427
Jacket 156,6645120.0,3.6,3,S,Unisex,2026-05-10 02:04:36.276462
Crewneck 157,1105760.0,4.0,3,M,Men,2026-05-10 02:04:36.276497
T-shirt 158,7321120.0,4.0,3,L,Women,2026-05-10 02:04:36.276532
Hoodie 159,2371680.0,4.9,3,XL,Unisex,2026-05-10 02:04:36.276567
Pants 160,2802880.0,3.4,3,XXL,Men,2026-05-10 02:04:36.276602
Jacket 162,1543840.0,4.5,3,M,Unisex,2026-05-10 02:04:36.590163
Crewneck 163,7861920.0,4.4,3,L,Men,2026-05-10 02:04:36.590200
T-shirt 164,3512000.0,3.9,3,XL,Women,2026-05-10 02:04:36.590365
Hoodie 165,6921280.0,4.9,3,XXL,Unisex,2026-05-10 02:04:36.590409
Outerwear 167,3273760.0,3.1,3,M,Women,2026-05-10 02:04:36.590487
Jacket 168,870400.0,4.4,3,L,Unisex,2026-05-10 02:04:36.590538
Crewneck 169,8032800.0,4.7,3,XL,Men,2026-05-10 02:04:36.590590
T-shirt 170,6677920.0,4.5,3,XXL,Women,2026-05-10 02:04:36.590626
Pants 172,1566080.0,4.9,3,M,Men,2026-05-10 02:04:36.590696
Outerwear 173,7034560.0,4.6,3,L,Women,2026-05-10 02:04:36.590731
Jacket 174,6282240.0,3.3,3,XL,Unisex,2026-05-10 02:04:36.590767
Crewneck 175,8125120.0,4.5,3,XXL,Men,2026-05-10 02:04:36.590803
T-shirt 176,6104320.0,3.6,3,S,Women,2026-05-10 02:04:36.590837
Hoodie 177,1890400.0,4.6,3,M,Unisex,2026-05-10 02:04:36.590871
Pants 178,6184160.0,3.0,3,L,Men,2026-05-10 02:04:36.590906
Outerwear 179,5816640.0,3.5,3,XL,Women,2026-05-10 02:04:36.590940
Jacket 180,5552640.0,3.9,3,XXL,Unisex,2026-05-10 02:04:36.590974
T-shirt 182,2334880.0,3.8,3,M,Women,2026-05-10 02:04:36.841421
Hoodie 183,3904640.0,3.6,3,L,Unisex,2026-05-10 02:04:36.841497
Pants 184,7759520.0,4.5,3,XL,Men,2026-05-10 02:04:36.841544
Outerwear 185,7822880.0,3.2,3,XXL,Women,2026-05-10 02:04:36.841587
Jacket 186,6940480.0,4.2,3,S,Unisex,2026-05-10 02:04:36.841625
Crewneck 187,6663520.0,3.8,3,M,Men,2026-05-10 02:04:36.841662
T-shirt 188,3927840.0,4.4,3,L,Women,2026-05-10 02:04:36.841700
Hoodie 189,1946720.0,4.0,3,XL,Unisex,2026-05-10 02:04:36.841737
Pants 190,2220960.0,4.5,3,XXL,Men,2026-05-10 02:04:36.841774
Jacket 192,5066240.0,3.8,3,M,Unisex,2026-05-10 02:04:36.841845
Crewneck 193,7355680.0,4.1,3,L,Men,2026-05-10 02:04:36.841881
T-shirt 194,2818720.0,4.9,3,XL,Women,2026-05-10 02:04:36.841917
Hoodie 195,7208960.0,4.9,3,XXL,Unisex,2026-05-10 02:04:36.841953
Outerwear 197,5681600.0,4.9,3,M,Women,2026-05-10 02:04:36.842029
Jacket 198,5435040.0,4.5,3,L,Unisex,2026-05-10 02:04:36.842066
Crewneck 199,6744320.0,3.1,3,XL,Men,2026-05-10 02:04:36.842103
T-shirt 200,6289920.0,3.5,3,XXL,Women,2026-05-10 02:04:36.842139
Pants 202,5592480.0,3.3,3,M,Men,2026-05-10 02:04:36.963027
Outerwear 203,2144000.0,3.4,3,L,Women,2026-05-10 02:04:36.963065
Jacket 204,6031040.0,3.9,3,XL,Unisex,2026-05-10 02:04:36.963103
Crewneck 205,6434880.0,3.2,3,XXL,Men,2026-05-10 02:04:36.963141
T-shirt 206,4674720.0,4.5,3,S,Women,2026-05-10 02:04:36.963177
Hoodie 207,6101440.0,3.5,3,M,Unisex,2026-05-10 02:04:36.963214
Pants 208,4637600.0,3.1,3,L,Men,2026-05-10 02:04:36.963251
Outerwear 209,7980640.0,4.3,3,XL,Women,2026-05-10 02:04:36.963286
Jacket 210,7827360.0,4.7,3,XXL,Unisex,2026-05-10 02:04:36.963321
T-shirt 212,8794880.0,4.7,3,M,Women,2026-05-10 02:04:36.963392
Hoodie 213,5748000.0,3.6,3,L,Unisex,2026-05-10 02:04:36.963427
Pants 214,4315680.0,4.9,3,XL,Men,2026-05-10 02:04:36.963462
Outerwear 215,1449600.0,3.8,3,XXL,Women,2026-05-10 02:04:36.963520
Jacket 216,4576480.0,4.6,3,S,Unisex,2026-05-10 02:04:36.963604
Crewneck 217,5772960.0,4.8,3,M,Men,2026-05-10 02:04:36.963648
T-shirt 218,5600320.0,3.1,3,L,Women,2026-05-10 02:04:36.963685
Hoodie 219,5671040.0,4.6,3,XL,Unisex,2026-05-10 02:04:36.963757
Pants 220,3357600.0,3.2,3,XXL,Men,2026-05-10 02:04:36.963833
Jacket 222,7438080.0,3.4,3,M,Unisex,2026-05-10 02:04:37.150023
Crewneck 223,952960.0,4.8,3,L,Men,2026-05-10 02:04:37.150063
T-shirt 224,3534560.0,4.5,3,XL,Women,2026-05-10 02:04:37.150100
Hoodie 225,5232800.0,3.5,3,XXL,Unisex,2026-05-10 02:04:37.150178
Outerwear 227,6742560.0,4.8,3,M,Women,2026-05-10 02:04:37.150256
Jacket 228,8076800.0,4.5,3,L,Unisex,2026-05-10 02:04:37.150291
Crewneck 229,3101920.0,4.9,3,XL,Men,2026-05-10 02:04:37.150327
T-shirt 230,7133280.0,4.5,3,XXL,Women,2026-05-10 02:04:37.150363
Pants 232,8327360.000000001,4.0,3,M,Men,2026-05-10 02:04:37.150433
Outerwear 233,847360.0,4.8,3,L,Women,2026-05-10 02:04:37.150468
Jacket 234,1159200.0,4.5,3,XL,Unisex,2026-05-10 02:04:37.150504
Crewneck 235,6560320.0,3.4,3,XXL,Men,2026-05-10 02:04:37.150538
T-shirt 236,5492320.0,3.9,3,S,Women,2026-05-10 02:04:37.150575
Hoodie 237,4743520.0,3.1,3,M,Unisex,2026-05-10 02:04:37.150610
Pants 238,8301920.0,3.8,3,L,Men,2026-05-10 02:04:37.150646
Outerwear 239,7934080.0,3.1,3,XL,Women,2026-05-10 02:04:37.150681
Jacket 240,7600000.0,3.8,3,XXL,Unisex,2026-05-10 02:04:37.150715
T-shirt 242,4833600.0,3.4,3,M,Women,2026-05-10 02:04:37.372013
Hoodie 243,3371680.0,3.1,3,L,Unisex,2026-05-10 02:04:37.372053
Pants 244,8116160.0,3.1,3,XL,Men,2026-05-10 02:04:37.372092
Outerwear 245,1451680.0,4.0,3,XXL,Women,2026-05-10 02:04:37.372131
Jacket 246,8735040.0,3.1,3,S,Unisex,2026-05-10 02:04:37.372167
Crewneck 247,8769120.0,3.0,3,M,Men,2026-05-10 02:04:37.372203
T-shirt 248,2280000.0,4.5,3,L,Women,2026-05-10 02:04:37.372239
Hoodie 249,2149440.0,4.2,3,XL,Unisex,2026-05-10 02:04:37.372274
Pants 250,4314240.0,3.1,3,XXL,Men,2026-05-10 02:04:37.372309
Jacket 252,8408480.0,3.2,3,M,Unisex,2026-05-10 02:04:37.372379
Crewneck 253,1854720.0,3.9,3,L,Men,2026-05-10 02:04:37.372414
T-shirt 254,5984160.0,3.9,3,XL,Women,2026-05-10 02:04:37.372448
Hoodie 255,3668000.0,4.1,3,XXL,Unisex,2026-05-10 02:04:37.372483
Outerwear 257,7073120.0,5.0,3,M,Women,2026-05-10 02:04:37.372556
Jacket 258,2080639.9999999998,4.7,3,L,Unisex,2026-05-10 02:04:37.372591
Crewneck 259,2275520.0,3.3,3,XL,Men,2026-05-10 02:04:37.372627
T-shirt 260,6271520.0,3.5,3,XXL,Women,2026-05-10 02:04:37.372662
Pants 262,1097760.0,3.4,3,M,Men,2026-05-10 02:04:37.538449
Outerwear 263,1878400.0,4.2,3,L,Women,2026-05-10 02:04:37.538488
Jacket 264,2063040.0,4.8,3,XL,Unisex,2026-05-10 02:04:37.538526
Crewneck 265,2483040.0,3.5,3,XXL,Men,2026-05-10 02:04:37.538562
T-shirt 266,4842080.0,4.6,3,S,Women,2026-05-10 02:04:37.538599
Hoodie 267,4086240.0,4.3,3,M,Unisex,2026-05-10 02:04:37.538636
Pants 268,5005120.0,3.6,3,L,Men,2026-05-10 02:04:37.538672
Outerwear 269,8073920.0,3.1,3,XL,Women,2026-05-10 02:04:37.538708
Jacket 270,2569120.0,4.2,3,XXL,Unisex,2026-05-10 02:04:37.538745
T-shirt 272,5811840.0,3.3,3,M,Women,2026-05-10 02:04:37.538816
Hoodie 273,5291360.0,4.9,3,L,Unisex,2026-05-10 02:04:37.538852
Pants 274,3669280.0,4.2,3,XL,Men,2026-05-10 02:04:37.538888
Outerwear 275,5575360.0,4.8,3,XXL,Women,2026-05-10 02:04:37.538924
Jacket 276,1013600.0,4.3,3,S,Unisex,2026-05-10 02:04:37.538960
Crewneck 277,2383680.0,4.7,3,M,Men,2026-05-10 02:04:37.538996
T-shirt 278,2087360.0000000002,3.8,3,L,Women,2026-05-10 02:04:37.539032
Hoodie 279,5592320.0,4.7,3,XL,Unisex,2026-05-10 02:04:37.539070
Pants 280,7501440.0,3.9,3,XXL,Men,2026-05-10 02:04:37.539106
Jacket 282,2227040.0,3.0,3,M,Unisex,2026-05-10 02:04:37.673075
Crewneck 283,6633120.0,3.2,3,L,Men,2026-05-10 02:04:37.673113
T-shirt 284,6568000.0,3.6,3,XL,Women,2026-05-10 02:04:37.673149
Hoodie 285,3009120.0,3.2,3,XXL,Unisex,2026-05-10 02:04:37.673185
Outerwear 287,5273600.0,3.7,3,M,Women,2026-05-10 02:04:37.673259
Jacket 288,3123040.0,4.1,3,L,Unisex,2026-05-10 02:04:37.673294
Crewneck 289,888000.0,4.0,3,XL,Men,2026-05-10 02:04:37.673329
T-shirt 290,6425120.0,4.2,3,XXL,Women,2026-05-10 02:04:37.673364
Pants 292,2384480.0,3.9,3,M,Men,2026-05-10 02:04:37.673432
Outerwear 293,1176160.0,4.5,3,L,Women,2026-05-10 02:04:37.673468
Jacket 294,5947200.0,3.8,3,XL,Unisex,2026-05-10 02:04:37.673503
Crewneck 295,7266720.0,4.9,3,XXL,Men,2026-05-10 02:04:37.673538
T-shirt 296,1172160.0,3.1,3,S,Women,2026-05-10 02:04:37.673575
Hoodie 297,7801120.0,3.6,3,M,Unisex,2026-05-10 02:04:37.673609
Pants 298,2426080.0,4.8,3,L,Men,2026-05-10 02:04:37.673644
Outerwear 299,1947840.0,4.3,3,XL,Women,2026-05-10 02:04:37.673678
Jacket 300,6408480.0,4.0,3,XXL,Unisex,2026-05-10 02:04:37.673712
T-shirt 302,5711200.0,3.2,3,M,Women,2026-05-10 02:04:37.790911
Hoodie 303,7974560.0,4.1,3,L,Unisex,2026-05-10 02:04:37.790956
Pants 304,7129760.0,3.4,3,XL,Men,2026-05-10 02:04:37.790997
Outerwear 305,6325440.0,4.5,3,XXL,Women,2026-05-10 02:04:37.791039
Jacket 306,7575040.0,4.2,3,S,Unisex,2026-05-10 02:04:37.791079
Crewneck 307,7735200.0,3.7,3,M,Men,2026-05-10 02:04:37.791120
T-shirt 308,4086080.0,4.1,3,L,Women,2026-05-10 02:04:37.791166
Hoodie 309,3953120.0,4.8,3,XL,Unisex,2026-05-10 02:04:37.791207
Pants 310,6329280.0,4.7,3,XXL,Men,2026-05-10 02:04:37.791250
Jacket 312,7267040.0,3.8,3,M,Unisex,2026-05-10 02:04:37.791330
Crewneck 313,1948320.0,3.1,3,L,Men,2026-05-10 02:04:37.791369
T-shirt 314,6017120.0,3.2,3,XL,Women,2026-05-10 02:04:37.791408
Hoodie 315,7022880.0,3.1,3,XXL,Unisex,2026-05-10 02:04:37.791448
Outerwear 317,5259040.0,3.3,3,M,Women,2026-05-10 02:04:37.791531
Jacket 318,5667200.0,3.7,3,L,Unisex,2026-05-10 02:04:37.791571
Crewneck 319,3085920.0,3.3,3,XL,Men,2026-05-10 02:04:37.791610
T-shirt 320,829440.0,3.3,3,XXL,Women,2026-05-10 02:04:37.791650
Pants 322,7810400.0,3.2,3,M,Men,2026-05-10 02:04:38.069168
Outerwear 323,8468000.0,3.1,3,L,Women,2026-05-10 02:04:38.069207
Jacket 324,6082720.0,3.3,3,XL,Unisex,2026-05-10 02:04:38.069245
Crewneck 325,3001760.0,3.4,3,XXL,Men,2026-05-10 02:04:38.069281
T-shirt 326,4519360.0,4.9,3,S,Women,2026-05-10 02:04:38.069318
Hoodie 327,6641440.0,4.4,3,M,Unisex,2026-05-10 02:04:38.069353
Pants 328,5732960.0,4.5,3,L,Men,2026-05-10 02:04:38.069389
Outerwear 329,6724160.0,4.7,3,XL,Women,2026-05-10 02:04:38.069424
Jacket 330,1591200.0,4.3,3,XXL,Unisex,2026-05-10 02:04:38.069460
T-shirt 332,2335680.0,3.4,3,M,Women,2026-05-10 02:04:38.069531
Hoodie 333,1746080.0,4.8,3,L,Unisex,2026-05-10 02:04:38.069568
Pants 334,2409440.0,3.8,3,XL,Men,2026-05-10 02:04:38.069609
Outerwear 335,2826720.0,3.0,3,XXL,Women,2026-05-10 02:04:38.069646
Jacket 336,6237760.0,5.0,3,S,Unisex,2026-05-10 02:04:38.069682
Crewneck 337,8608800.0,4.3,3,M,Men,2026-05-10 02:04:38.069718
T-shirt 338,2883360.0,3.9,3,L,Women,2026-05-10 02:04:38.069754
Hoodie 339,4424800.0,4.9,3,XL,Unisex,2026-05-10 02:04:38.069789
Pants 340,5975200.0,4.3,3,XXL,Men,2026-05-10 02:04:38.069825
Jacket 342,1827680.0,4.8,3,M,Unisex,2026-05-10 02:04:38.339513
Crewneck 343,2279040.0,4.1,3,L,Men,2026-05-10 02:04:38.339552
T-shirt 344,3415680.0,4.5,3,XL,Women,2026-05-10 02:04:38.339590
Hoodie 345,7577440.0,3.3,3,XXL,Unisex,2026-05-10 02:04:38.339626
Outerwear 347,6986080.0,4.7,3,M,Women,2026-05-10 02:04:38.339699
Jacket 348,3195040.0,4.6,3,L,Unisex,2026-05-10 02:04:38.339734
Crewneck 349,6085600.0,3.5,3,XL,Men,2026-05-10 02:04:38.339769
T-shirt 350,8047680.0,5.0,3,XXL,Women,2026-05-10 02:04:38.339805
Pants 352,2838880.0,4.0,3,M,Men,2026-05-10 02:04:38.339875
Outerwear 353,961600.0,3.6,3,L,Women,2026-05-10 02:04:38.339909
Jacket 354,2294720.0,3.8,3,XL,Unisex,2026-05-10 02:04:38.339945
Crewneck 355,4246560.0,3.2,3,XXL,Men,2026-05-10 02:04:38.339980
T-shirt 356,7150080.0,4.3,3,S,Women,2026-05-10 02:04:38.340014
Hoodie 357,3739360.0,3.6,3,M,Unisex,2026-05-10 02:04:38.340049
Pants 358,8479520.0,3.9,3,L,Men,2026-05-10 02:04:38.340084
Outerwear 359,1696480.0,4.3,3,XL,Women,2026-05-10 02:04:38.340119
Jacket 360,8788320.0,4.8,3,XXL,Unisex,2026-05-10 02:04:38.340153
T-shirt 362,4776800.0,5.0,3,M,Women,2026-05-10 02:04:38.455593
Hoodie 363,1171360.0,3.2,3,L,Unisex,2026-05-10 02:04:38.455631
Pants 364,4972800.0,4.8,3,XL,Men,2026-05-10 02:04:38.455667
Outerwear 365,6956480.0,4.5,3,XXL,Women,2026-05-10 02:04:38.455703
Jacket 366,5854880.0,4.9,3,S,Unisex,2026-05-10 02:04:38.455737
Crewneck 367,8359360.000000001,4.9,3,M,Men,2026-05-10 02:04:38.455772
T-shirt 368,965120.0,3.2,3,L,Women,2026-05-10 02:04:38.455807
Hoodie 369,7204960.0,4.7,3,XL,Unisex,2026-05-10 02:04:38.455846
Pants 370,4559680.0,3.6,3,XXL,Men,2026-05-10 02:04:38.455882
Jacket 372,5052960.0,3.6,3,M,Unisex,2026-05-10 02:04:38.455951
Crewneck 373,2231040.0,3.6,3,L,Men,2026-05-10 02:04:38.455988
T-shirt 374,7697120.0,3.9,3,XL,Women,2026-05-10 02:04:38.456023
Hoodie 375,7027520.0,3.9,3,XXL,Unisex,2026-05-10 02:04:38.456057
Outerwear 377,6802080.0,4.8,3,M,Women,2026-05-10 02:04:38.456130
Jacket 378,3402400.0,3.6,3,L,Unisex,2026-05-10 02:04:38.456163
Crewneck 379,3963200.0,4.4,3,XL,Men,2026-05-10 02:04:38.456197
T-shirt 380,2547040.0,3.8,3,XXL,Women,2026-05-10 02:04:38.456232
Pants 382,1356160.0,4.4,3,M,Men,2026-05-10 02:04:38.810255
Outerwear 383,3431040.0,3.4,3,L,Women,2026-05-10 02:04:38.810685
Jacket 384,1452960.0,3.3,3,XL,Unisex,2026-05-10 02:04:38.810905
Crewneck 385,7950720.0,4.9,3,XXL,Men,2026-05-10 02:04:38.810955
T-shirt 386,4793600.0,4.6,3,S,Women,2026-05-10 02:04:38.811200
Hoodie 387,8418080.0,4.2,3,M,Unisex,2026-05-10 02:04:38.811472
Pants 388,931200.0,3.1,3,L,Men,2026-05-10 02:04:38.811591
Outerwear 389,2883200.0,5.0,3,XL,Women,2026-05-10 02:04:38.811724
Jacket 390,5432960.0,3.3,3,XXL,Unisex,2026-05-10 02:04:38.811981
T-shirt 392,1226080.0,4.4,3,M,Women,2026-05-10 02:04:38.812476
Hoodie 393,4068480.0,3.2,3,L,Unisex,2026-05-10 02:04:38.812566
Pants 394,3540000.0,3.3,3,XL,Men,2026-05-10 02:04:38.812744
Outerwear 395,3098720.0,4.0,3,XXL,Women,2026-05-10 02:04:38.813122
Jacket 396,2505280.0,3.9,3,S,Unisex,2026-05-10 02:04:38.813220
Crewneck 397,855360.0,3.6,3,M,Men,2026-05-10 02:04:38.813493
T-shirt 398,4592800.0,4.7,3,L,Women,2026-05-10 02:04:38.813587
Hoodie 399,2523520.0,3.6,3,XL,Unisex,2026-05-10 02:04:38.815296
Pants 400,6020640.0,4.7,3,XXL,Men,2026-05-10 02:04:38.815566
Jacket 402,2029120.0,4.6,3,M,Unisex,2026-05-10 02:04:38.986482
Crewneck 403,1580320.0,4.1,3,L,Men,2026-05-10 02:04:38.986521
T-shirt 404,3501120.0,4.9,3,XL,Women,2026-05-10 02:04:38.986569
Hoodie 405,5080160.0,3.8,3,XXL,Unisex,2026-05-10 02:04:38.986610
Outerwear 407,2761280.0,3.7,3,M,Women,2026-05-10 02:04:38.986685
Jacket 408,4176000.0,4.9,3,L,Unisex,2026-05-10 02:04:38.986720
Crewneck 409,3221760.0,3.5,3,XL,Men,2026-05-10 02:04:38.986759
T-shirt 410,1586720.0,3.1,3,XXL,Women,2026-05-10 02:04:38.986796
Pants 412,5438240.0,4.4,3,M,Men,2026-05-10 02:04:38.986864
Outerwear 413,1306400.0,3.4,3,L,Women,2026-05-10 02:04:38.986899
Jacket 414,2234720.0,3.7,3,XL,Unisex,2026-05-10 02:04:38.986936
Crewneck 415,3617440.0,3.1,3,XXL,Men,2026-05-10 02:04:38.986971
T-shirt 416,4454080.0,3.1,3,S,Women,2026-05-10 02:04:38.987007
Hoodie 417,2769440.0,4.6,3,M,Unisex,2026-05-10 02:04:38.987041
Pants 418,6307840.0,5.0,3,L,Men,2026-05-10 02:04:38.987076
Outerwear 419,7004000.0,5.0,3,XL,Women,2026-05-10 02:04:38.987110
Jacket 420,2472640.0,3.1,3,XXL,Unisex,2026-05-10 02:04:38.987144
T-shirt 422,924320.0,3.9,3,M,Women,2026-05-10 02:04:39.247235
Hoodie 423,4601760.0,3.7,3,L,Unisex,2026-05-10 02:04:39.247332
Pants 424,3865760.0,4.4,3,XL,Men,2026-05-10 02:04:39.247398
Outerwear 425,2528480.0,4.8,3,XXL,Women,2026-05-10 02:04:39.247444
Jacket 426,3462400.0,3.4,3,S,Unisex,2026-05-10 02:04:39.247486
Crewneck 427,6375200.0,3.3,3,M,Men,2026-05-10 02:04:39.247526
T-shirt 428,7053120.0,4.9,3,L,Women,2026-05-10 02:04:39.247567
Hoodie 429,1658560.0,4.9,3,XL,Unisex,2026-05-10 02:04:39.247608
Pants 430,1442080.0,3.9,3,XXL,Men,2026-05-10 02:04:39.247649
Jacket 432,2151840.0,4.5,3,M,Unisex,2026-05-10 02:04:39.247729
Crewneck 433,3872480.0,4.2,3,L,Men,2026-05-10 02:04:39.247768
T-shirt 434,6557120.0,4.9,3,XL,Women,2026-05-10 02:04:39.247807
Hoodie 435,1015680.0,4.0,3,XXL,Unisex,2026-05-10 02:04:39.247858
Outerwear 437,1016800.0,3.9,3,M,Women,2026-05-10 02:04:39.247953
Jacket 438,2453120.0,4.5,3,L,Unisex,2026-05-10 02:04:39.247993
Crewneck 439,4005440.0,3.2,3,XL,Men,2026-05-10 02:04:39.248033
T-shirt 440,5326080.0,3.0,3,XXL,Women,2026-05-10 02:04:39.248076
Pants 442,4701600.0,4.3,3,M,Men,2026-05-10 02:04:39.592482
Outerwear 443,7262720.0,4.2,3,L,Women,2026-05-10 02:04:39.592520
Jacket 444,4016960.0,3.3,3,XL,Unisex,2026-05-10 02:04:39.592557
Crewneck 445,3574240.0,4.5,3,XXL,Men,2026-05-10 02:04:39.592593
T-shirt 446,7740160.0,3.2,3,S,Women,2026-05-10 02:04:39.592628
Hoodie 447,4748640.0,4.0,3,M,Unisex,2026-05-10 02:04:39.592663
Pants 448,820160.0,4.4,3,L,Men,2026-05-10 02:04:39.592699
Outerwear 449,6410080.0,4.0,3,XL,Women,2026-05-10 02:04:39.592734
Jacket 450,8754880.0,3.1,3,XXL,Unisex,2026-05-10 02:04:39.592769
T-shirt 452,6892800.0,4.4,3,M,Women,2026-05-10 02:04:39.592838
Hoodie 453,6576960.0,4.2,3,L,Unisex,2026-05-10 02:04:39.592873
Pants 454,2179520.0,5.0,3,XL,Men,2026-05-10 02:04:39.592908
Outerwear 455,1094080.0,4.8,3,XXL,Women,2026-05-10 02:04:39.592942
Jacket 456,8096000.0,4.1,3,S,Unisex,2026-05-10 02:04:39.592977
Crewneck 457,7342880.0,4.8,3,M,Men,2026-05-10 02:04:39.593012
T-shirt 458,4240000.0,4.4,3,L,Women,2026-05-10 02:04:39.593048
Hoodie 459,3237280.0,3.5,3,XL,Unisex,2026-05-10 02:04:39.593082
Pants 460,1880800.0,3.6,3,XXL,Men,2026-05-10 02:04:39.593117
Jacket 462,6767840.0,4.5,3,M,Unisex,2026-05-10 02:04:39.836468
Crewneck 463,7539520.0,4.5,3,L,Men,2026-05-10 02:04:39.836506
T-shirt 464,6070080.0,4.5,3,XL,Women,2026-05-10 02:04:39.836543
Hoodie 465,6164320.0,4.7,3,XXL,Unisex,2026-05-10 02:04:39.836578
Outerwear 467,1325920.0,3.5,3,M,Women,2026-05-10 02:04:39.836653
Jacket 468,4584960.0,3.7,3,L,Unisex,2026-05-10 02:04:39.836688
Crewneck 469,1738880.0,4.2,3,XL,Men,2026-05-10 02:04:39.836723
T-shirt 470,7738880.0,3.1,3,XXL,Women,2026-05-10 02:04:39.836758
Pants 472,3902080.0,3.1,3,M,Men,2026-05-10 02:04:39.836827
Outerwear 473,5478080.0,4.2,3,L,Women,2026-05-10 02:04:39.836862
Jacket 474,5864960.0,4.7,3,XL,Unisex,2026-05-10 02:04:39.836896
Crewneck 475,7017280.0,4.6,3,XXL,Men,2026-05-10 02:04:39.836931
T-shirt 476,3986240.0,4.3,3,S,Women,2026-05-10 02:04:39.836965
Hoodie 477,6626080.0,4.2,3,M,Unisex,2026-05-10 02:04:39.836999
Pants 478,4912000.0,3.8,3,L,Men,2026-05-10 02:04:39.837071
Outerwear 479,7302400.0,4.4,3,XL,Women,2026-05-10 02:04:39.837134
Jacket 480,4986240.0,4.2,3,XXL,Unisex,2026-05-10 02:04:39.837173
T-shirt 482,3352480.0,4.8,3,M,Women,2026-05-10 02:04:40.083704
Hoodie 483,4035040.0,4.2,3,L,Unisex,2026-05-10 02:04:40.083742
Pants 484,6428640.0,4.1,3,XL,Men,2026-05-10 02:04:40.083779
Outerwear 485,4044480.0,4.7,3,XXL,Women,2026-05-10 02:04:40.083815
Jacket 486,2573760.0,3.0,3,S,Unisex,2026-05-10 02:04:40.083851
Crewneck 487,6955520.0,3.7,3,M,Men,2026-05-10 02:04:40.083886
T-shirt 488,8789760.0,3.8,3,L,Women,2026-05-10 02:04:40.083921
Hoodie 489,3554560.0,5.0,3,XL,Unisex,2026-05-10 02:04:40.083957
Pants 490,7081600.0,3.1,3,XXL,Men,2026-05-10 02:04:40.083992
Jacket 492,6011840.0,3.0,3,M,Unisex,2026-05-10 02:04:40.084062
Crewneck 493,5071520.0,4.8,3,L,Men,2026-05-10 02:04:40.084100
T-shirt 494,1390080.0,3.4,3,XL,Women,2026-05-10 02:04:40.084155
Hoodie 495,1663200.0,4.5,3,XXL,Unisex,2026-05-10 02:04:40.084296
Outerwear 497,3957760.0,4.4,3,M,Women,2026-05-10 02:04:40.084376
Jacket 498,4412800.0,4.6,3,L,Unisex,2026-05-10 02:04:40.084411
Crewneck 499,7825920.0,4.1,3,XL,Men,2026-05-10 02:04:40.084447
T-shirt 500,8114400.0,4.2,3,XXL,Women,2026-05-10 02:04:40.084483
Pants 502,7132480.0,4.4,3,M,Men,2026-05-10 02:04:40.329927
Outerwear 503,4924480.0,4.8,3,L,Women,2026-05-10 02:04:40.329965
Jacket 504,8024480.0,5.0,3,XL,Unisex,2026-05-10 02:04:40.330001
Crewneck 505,8747680.0,4.3,3,XXL,Men,2026-05-10 02:04:40.330043
T-shirt 506,8572000.0,3.6,3,S,Women,2026-05-10 02:04:40.330078
Hoodie 507,6844000.0,4.7,3,M,Unisex,2026-05-10 02:04:40.330113
Pants 508,7766080.0,3.5,3,L,Men,2026-05-10 02:04:40.330147
Outerwear 509,7178400.0,3.1,3,XL,Women,2026-05-10 02:04:40.330181
Jacket 510,1562080.0,3.4,3,XXL,Unisex,2026-05-10 02:04:40.330220
T-shirt 512,4319680.0,3.7,3,M,Women,2026-05-10 02:04:40.330290
Hoodie 513,1693760.0,4.4,3,L,Unisex,2026-05-10 02:04:40.330324
Pants 514,6888960.0,3.9,3,XL,Men,2026-05-10 02:04:40.330363
Outerwear 515,7262560.0,3.1,3,XXL,Women,2026-05-10 02:04:40.330397
Jacket 516,7130720.0,3.4,3,S,Unisex,2026-05-10 02:04:40.330431
Crewneck 517,1069280.0,3.5,3,M,Men,2026-05-10 02:04:40.330466
T-shirt 518,2575680.0,4.1,3,L,Women,2026-05-10 02:04:40.330500
Hoodie 519,2236160.0,4.5,3,XL,Unisex,2026-05-10 02:04:40.330537
Pants 520,2308320.0,3.8,3,XXL,Men,2026-05-10 02:04:40.330571
Jacket 522,6292960.0,4.0,3,M,Unisex,2026-05-10 02:04:40.732226
Crewneck 523,3626720.0,4.6,3,L,Men,2026-05-10 02:04:40.732263
T-shirt 524,936000.0,3.8,3,XL,Women,2026-05-10 02:04:40.732300
Hoodie 525,7919040.0,3.6,3,XXL,Unisex,2026-05-10 02:04:40.732336
Outerwear 527,4669280.0,3.6,3,M,Women,2026-05-10 02:04:40.732418
Jacket 528,5595840.0,4.0,3,L,Unisex,2026-05-10 02:04:40.732454
Crewneck 529,1420160.0,3.2,3,XL,Men,2026-05-10 02:04:40.732489
T-shirt 530,6173760.0,3.3,3,XXL,Women,2026-05-10 02:04:40.732524
Pants 532,8391200.0,4.1,3,M,Men,2026-05-10 02:04:40.732593
Outerwear 533,3370240.0,4.2,3,L,Women,2026-05-10 02:04:40.732628
Jacket 534,3479200.0,3.7,3,XL,Unisex,2026-05-10 02:04:40.732663
Crewneck 535,3901280.0,3.7,3,XXL,Men,2026-05-10 02:04:40.732698
T-shirt 536,5092480.0,3.0,3,S,Women,2026-05-10 02:04:40.732732
Hoodie 537,8671840.0,3.1,3,M,Unisex,2026-05-10 02:04:40.732767
Pants 538,6134240.0,3.4,3,L,Men,2026-05-10 02:04:40.732803
Outerwear 539,4692640.0,4.7,3,XL,Women,2026-05-10 02:04:40.732837
Jacket 540,7051840.0,4.4,3,XXL,Unisex,2026-05-10 02:04:40.732874
T-shirt 542,4761440.0,3.5,3,M,Women,2026-05-10 02:04:40.965145
Hoodie 543,8715680.0,4.7,3,L,Unisex,2026-05-10 02:04:40.965182
Pants 544,5957760.0,3.1,3,XL,Men,2026-05-10 02:04:40.965218
Outerwear 545,3579360.0,4.0,3,XXL,Women,2026-05-10 02:04:40.965254
Jacket 546,6271520.0,3.3,3,S,Unisex,2026-05-10 02:04:40.965289
Crewneck 547,5361120.0,3.9,3,M,Men,2026-05-10 02:04:40.965323
T-shirt 548,2686240.0,4.6,3,L,Women,2026-05-10 02:04:40.965359
Hoodie 549,2687200.0,3.7,3,XL,Unisex,2026-05-10 02:04:40.965394
Pants 550,4450080.0,4.9,3,XXL,Men,2026-05-10 02:04:40.965428
Jacket 552,5380320.0,4.1,3,M,Unisex,2026-05-10 02:04:40.965497
Crewneck 553,7760800.0,3.8,3,L,Men,2026-05-10 02:04:40.965531
T-shirt 554,4001120.0,4.5,3,XL,Women,2026-05-10 02:04:40.965565
Hoodie 555,1809600.0,3.0,3,XXL,Unisex,2026-05-10 02:04:40.965599
Outerwear 557,5460480.0,3.4,3,M,Women,2026-05-10 02:04:40.965671
Jacket 558,5007040.0,4.0,3,L,Unisex,2026-05-10 02:04:40.965706
Crewneck 559,1590880.0,3.5,3,XL,Men,2026-05-10 02:04:40.965741
T-shirt 560,6885280.0,4.2,3,XXL,Women,2026-05-10 02:04:40.965776
Pants 562,3724160.0,4.5,3,M,Men,2026-05-10 02:04:41.110668
Outerwear 563,8197440.000000001,4.7,3,L,Women,2026-05-10 02:04:41.110706
Jacket 564,8319200.000000001,4.3,3,XL,Unisex,2026-05-10 02:04:41.110743
Crewneck 565,7635200.0,3.5,3,XXL,Men,2026-05-10 02:04:41.110779
T-shirt 566,2611360.0,4.6,3,S,Women,2026-05-10 02:04:41.110814
Hoodie 567,4576160.0,3.2,3,M,Unisex,2026-05-10 02:04:41.110848
Pants 568,2984160.0,3.3,3,L,Men,2026-05-10 02:04:41.110882
Outerwear 569,4966880.0,4.7,3,XL,Women,2026-05-10 02:04:41.110916
Jacket 570,4000960.0,3.9,3,XXL,Unisex,2026-05-10 02:04:41.110950
T-shirt 572,4756320.0,3.2,3,M,Women,2026-05-10 02:04:41.111019
Hoodie 573,6954080.0,4.5,3,L,Unisex,2026-05-10 02:04:41.111053
Pants 574,2424000.0,3.8,3,XL,Men,2026-05-10 02:04:41.111088
Outerwear 575,3517760.0,3.4,3,XXL,Women,2026-05-10 02:04:41.111122
Jacket 576,805600.0,3.5,3,S,Unisex,2026-05-10 02:04:41.111157
Crewneck 577,7873920.0,3.3,3,M,Men,2026-05-10 02:04:41.111191
T-shirt 578,7958880.0,4.1,3,L,Women,2026-05-10 02:04:41.111225
Hoodie 579,4428640.0,4.4,3,XL,Unisex,2026-05-10 02:04:41.111260
Pants 580,2625440.0,3.3,3,XXL,Men,2026-05-10 02:04:41.111294
Jacket 582,4112160.0,4.1,3,M,Unisex,2026-05-10 02:04:41.281183
Crewneck 583,5737760.0,4.5,3,L,Men,2026-05-10 02:04:41.281305
T-shirt 584,6964960.0,4.8,3,XL,Women,2026-05-10 02:04:41.281555
Hoodie 585,6186880.0,4.9,3,XXL,Unisex,2026-05-10 02:04:41.281679
Outerwear 587,4424960.0,4.4,3,M,Women,2026-05-10 02:04:41.281964
Jacket 588,4963040.0,4.7,3,L,Unisex,2026-05-10 02:04:41.282085
Crewneck 589,931840.0,4.7,3,XL,Men,2026-05-10 02:04:41.282153
T-shirt 590,6457120.0,3.9,3,XXL,Women,2026-05-10 02:04:41.282237
Pants 592,6805440.0,4.3,3,M,Men,2026-05-10 02:04:41.282446
Outerwear 593,7163840.0,3.9,3,L,Women,2026-05-10 02:04:41.282488
Jacket 594,8707680.0,4.2,3,XL,Unisex,2026-05-10 02:04:41.282528
Crewneck 595,3723840.0,3.5,3,XXL,Men,2026-05-10 02:04:41.282594
T-shirt 596,8290400.0,4.4,3,S,Women,2026-05-10 02:04:41.282645
Hoodie 597,7969440.0,3.3,3,M,Unisex,2026-05-10 02:04:41.282688
Pants 598,4714080.0,4.1,3,L,Men,2026-05-10 02:04:41.282737
Outerwear 599,1179040.0,3.3,3,XL,Women,2026-05-10 02:04:41.282830
Jacket 600,6414080.0,3.0,3,XXL,Unisex,2026-05-10 02:04:41.282975
T-shirt 602,2260960.0,4.4,3,M,Women,2026-05-10 02:04:41.595686
Hoodie 603,7511520.0,3.1,3,L,Unisex,2026-05-10 02:04:41.595724
Pants 604,7662240.0,4.3,3,XL,Men,2026-05-10 02:04:41.595760
Outerwear 605,1710720.0,3.7,3,XXL,Women,2026-05-10 02:04:41.595795
Jacket 606,5770720.0,4.6,3,S,Unisex,2026-05-10 02:04:41.595830
Crewneck 607,3857600.0,3.1,3,M,Men,2026-05-10 02:04:41.595864
T-shirt 608,7047840.0,4.6,3,L,Women,2026-05-10 02:04:41.595900
Hoodie 609,2956320.0,4.1,3,XL,Unisex,2026-05-10 02:04:41.595935
Pants 610,4515360.0,3.3,3,XXL,Men,2026-05-10 02:04:41.595970
Jacket 612,3202720.0,3.1,3,M,Unisex,2026-05-10 02:04:41.596039
Crewneck 613,1013920.0,3.6,3,L,Men,2026-05-10 02:04:41.596073
T-shirt 614,2428160.0,3.1,3,XL,Women,2026-05-10 02:04:41.596108
Hoodie 615,4798720.0,4.8,3,XXL,Unisex,2026-05-10 02:04:41.596142
Outerwear 617,1765920.0,4.3,3,M,Women,2026-05-10 02:04:41.596215
Jacket 618,6474080.0,3.3,3,L,Unisex,2026-05-10 02:04:41.596250
Crewneck 619,8340639.999999999,4.4,3,XL,Men,2026-05-10 02:04:41.596284
T-shirt 620,2270240.0,3.3,3,XXL,Women,2026-05-10 02:04:41.596319
Pants 622,4849600.0,3.5,3,M,Men,2026-05-10 02:04:41.775771
Outerwear 623,7299520.0,4.6,3,L,Women,2026-05-10 02:04:41.775809
Jacket 624,6943200.0,3.9,3,XL,Unisex,2026-05-10 02:04:41.775845
Crewneck 625,7826400.0,4.1,3,XXL,Men,2026-05-10 02:04:41.775880
T-shirt 626,7777440.0,4.5,3,S,Women,2026-05-10 02:04:41.775915
Hoodie 627,1232320.0,3.2,3,M,Unisex,2026-05-10 02:04:41.775950
Pants 628,8113120.0,4.3,3,L,Men,2026-05-10 02:04:41.775985
Outerwear 629,3997920.0,4.4,3,XL,Women,2026-05-10 02:04:41.776020
Jacket 630,1003680.0,3.8,3,XXL,Unisex,2026-05-10 02:04:41.776055
T-shirt 632,4314240.0,3.6,3,M,Women,2026-05-10 02:04:41.776125
Hoodie 633,3128000.0,3.1,3,L,Unisex,2026-05-10 02:04:41.776159
Pants 634,8535680.0,3.9,3,XL,Men,2026-05-10 02:04:41.776194
Outerwear 635,6897120.0,4.1,3,XXL,Women,2026-05-10 02:04:41.776231
Jacket 636,3476320.0,4.5,3,S,Unisex,2026-05-10 02:04:41.776265
Crewneck 637,6030240.0,4.0,3,M,Men,2026-05-10 02:04:41.776309
T-shirt 638,5220960.0,4.6,3,L,Women,2026-05-10 02:04:41.776344
Hoodie 639,6782720.0,4.7,3,XL,Unisex,2026-05-10 02:04:41.776381
Pants 640,3038560.0,3.8,3,XXL,Men,2026-05-10 02:04:41.776415
Jacket 642,7747360.0,4.7,3,M,Unisex,2026-05-10 02:04:41.941350
Crewneck 643,6116000.0,3.2,3,L,Men,2026-05-10 02:04:41.941389
T-shirt 644,7479360.0,4.2,3,XL,Women,2026-05-10 02:04:41.941428
Hoodie 645,3285440.0,3.3,3,XXL,Unisex,2026-05-10 02:04:41.941465
Outerwear 647,4304960.0,3.8,3,M,Women,2026-05-10 02:04:41.941541
Jacket 648,8699520.0,4.5,3,L,Unisex,2026-05-10 02:04:41.941577
Crewneck 649,8588160.0,3.2,3,XL,Men,2026-05-10 02:04:41.941612
T-shirt 650,8012800.0,3.4,3,XXL,Women,2026-05-10 02:04:41.941648
Pants 652,6084960.0,3.3,3,M,Men,2026-05-10 02:04:41.941717
Outerwear 653,2622080.0,4.0,3,L,Women,2026-05-10 02:04:41.941752
Jacket 654,4089440.0,4.7,3,XL,Unisex,2026-05-10 02:04:41.941787
Crewneck 655,1834240.0,4.1,3,XXL,Men,2026-05-10 02:04:41.941822
T-shirt 656,2538720.0,4.2,3,S,Women,2026-05-10 02:04:41.941857
Hoodie 657,8459040.0,4.8,3,M,Unisex,2026-05-10 02:04:41.941892
Pants 658,6268320.0,3.8,3,L,Men,2026-05-10 02:04:41.941927
Outerwear 659,1817920.0,3.3,3,XL,Women,2026-05-10 02:04:41.941961
Jacket 660,8715200.0,3.5,3,XXL,Unisex,2026-05-10 02:04:41.941995
T-shirt 662,1422720.0,4.5,3,M,Women,2026-05-10 02:04:42.237757
Hoodie 663,7087200.0,4.0,3,L,Unisex,2026-05-10 02:04:42.237794
Pants 664,8248639.999999999,3.5,3,XL,Men,2026-05-10 02:04:42.237830
Outerwear 665,4033600.0,3.2,3,XXL,Women,2026-05-10 02:04:42.237865
Jacket 666,4844000.0,3.9,3,S,Unisex,2026-05-10 02:04:42.237900
Crewneck 667,1756640.0,3.7,3,M,Men,2026-05-10 02:04:42.237934
T-shirt 668,5044640.0,3.7,3,L,Women,2026-05-10 02:04:42.237970
Hoodie 669,2346080.0,3.3,3,XL,Unisex,2026-05-10 02:04:42.238005
Pants 670,8406720.0,4.8,3,XXL,Men,2026-05-10 02:04:42.238040
Jacket 672,4776160.0,4.5,3,M,Unisex,2026-05-10 02:04:42.238109
Crewneck 673,2803360.0,4.7,3,L,Men,2026-05-10 02:04:42.238144
T-shirt 674,3156640.0,3.1,3,XL,Women,2026-05-10 02:04:42.238179
Hoodie 675,4314880.0,3.2,3,XXL,Unisex,2026-05-10 02:04:42.238213
Outerwear 677,4657440.0,3.3,3,M,Women,2026-05-10 02:04:42.238290
Jacket 678,2777120.0,4.3,3,L,Unisex,2026-05-10 02:04:42.238326
Crewneck 679,6373120.0,3.2,3,XL,Men,2026-05-10 02:04:42.238360
T-shirt 680,8164800.0,3.2,3,XXL,Women,2026-05-10 02:04:42.238397
Pants 682,7616480.0,3.9,3,M,Men,2026-05-10 02:04:42.416601
Outerwear 683,3907360.0,3.6,3,L,Women,2026-05-10 02:04:42.416639
Jacket 684,7102560.0,3.5,3,XL,Unisex,2026-05-10 02:04:42.416675
Crewneck 685,1495840.0,4.6,3,XXL,Men,2026-05-10 02:04:42.416711
T-shirt 686,5381760.0,3.8,3,S,Women,2026-05-10 02:04:42.416747
Hoodie 687,4220800.0,4.7,3,M,Unisex,2026-05-10 02:04:42.416782
Pants 688,1487520.0,4.4,3,L,Men,2026-05-10 02:04:42.416817
Outerwear 689,1939040.0,4.6,3,XL,Women,2026-05-10 02:04:42.416852
Jacket 690,8782560.0,4.7,3,XXL,Unisex,2026-05-10 02:04:42.416887
T-shirt 692,1416480.0,4.1,3,M,Women,2026-05-10 02:04:42.416957
Hoodie 693,3031680.0,4.1,3,L,Unisex,2026-05-10 02:04:42.416991
Pants 694,2466720.0,3.4,3,XL,Men,2026-05-10 02:04:42.417026
Outerwear 695,959360.0,3.3,3,XXL,Women,2026-05-10 02:04:42.417061
Jacket 696,5146240.0,4.2,3,S,Unisex,2026-05-10 02:04:42.417095
Crewneck 697,6545120.0,5.0,3,M,Men,2026-05-10 02:04:42.417130
T-shirt 698,2444960.0,4.1,3,L,Women,2026-05-10 02:04:42.417164
Hoodie 699,5250240.0,4.5,3,XL,Unisex,2026-05-10 02:04:42.417198
Pants 700,3526560.0,4.3,3,XXL,Men,2026-05-10 02:04:42.417232
Jacket 702,4927680.0,4.3,3,M,Unisex,2026-05-10 02:04:42.717968
Crewneck 703,2949120.0,4.2,3,L,Men,2026-05-10 02:04:42.718007
T-shirt 704,6214240.0,4.1,3,XL,Women,2026-05-10 02:04:42.718043
Hoodie 705,3042880.0,3.1,3,XXL,Unisex,2026-05-10 02:04:42.718079
Outerwear 707,7746240.0,4.4,3,M,Women,2026-05-10 02:04:42.718153
Jacket 708,8541280.0,4.3,3,L,Unisex,2026-05-10 02:04:42.718188
Crewneck 709,7022400.0,3.9,3,XL,Men,2026-05-10 02:04:42.718223
T-shirt 710,3751520.0,3.2,3,XXL,Women,2026-05-10 02:04:42.718258
Pants 712,1510400.0,4.1,3,M,Men,2026-05-10 02:04:42.718329
Outerwear 713,3142880.0,4.4,3,L,Women,2026-05-10 02:04:42.718365
Jacket 714,892320.0,3.1,3,XL,Unisex,2026-05-10 02:04:42.718400
Crewneck 715,7021760.0,3.9,3,XXL,Men,2026-05-10 02:04:42.718435
T-shirt 716,3602560.0,4.9,3,S,Women,2026-05-10 02:04:42.718470
Hoodie 717,1532800.0,3.6,3,M,Unisex,2026-05-10 02:04:42.718509
Pants 718,4057120.0,3.2,3,L,Men,2026-05-10 02:04:42.718543
Outerwear 719,3172960.0,4.7,3,XL,Women,2026-05-10 02:04:42.718577
Jacket 720,2028320.0,3.8,3,XXL,Unisex,2026-05-10 02:04:42.718611
T-shirt 722,8724320.0,3.2,3,M,Women,2026-05-10 02:04:42.922889
Hoodie 723,5664800.0,3.4,3,L,Unisex,2026-05-10 02:04:42.922927
Pants 724,4824800.0,4.7,3,XL,Men,2026-05-10 02:04:42.922963
Outerwear 725,4979200.0,3.0,3,XXL,Women,2026-05-10 02:04:42.922998
Jacket 726,6345920.0,3.5,3,S,Unisex,2026-05-10 02:04:42.923033
Crewneck 727,4024000.0,4.8,3,M,Men,2026-05-10 02:04:42.923068
T-shirt 728,8173440.0,3.0,3,L,Women,2026-05-10 02:04:42.923103
Hoodie 729,6431360.0,3.6,3,XL,Unisex,2026-05-10 02:04:42.923138
Pants 730,7228800.0,4.5,3,XXL,Men,2026-05-10 02:04:42.923173
Jacket 732,6597600.0,3.9,3,M,Unisex,2026-05-10 02:04:42.923241
Crewneck 733,1162880.0,4.7,3,L,Men,2026-05-10 02:04:42.923275
T-shirt 734,6858560.0,4.2,3,XL,Women,2026-05-10 02:04:42.923310
Hoodie 735,4664320.0,4.0,3,XXL,Unisex,2026-05-10 02:04:42.923344
Outerwear 737,1015680.0,4.7,3,M,Women,2026-05-10 02:04:42.923417
Jacket 738,1893920.0,3.7,3,L,Unisex,2026-05-10 02:04:42.923451
Crewneck 739,8072960.0,3.3,3,XL,Men,2026-05-10 02:04:42.923486
T-shirt 740,7016640.0,3.4,3,XXL,Women,2026-05-10 02:04:42.923520
Pants 742,5626080.0,3.6,3,M,Men,2026-05-10 02:04:43.247023
Outerwear 743,5678080.0,3.0,3,L,Women,2026-05-10 02:04:43.247064
Jacket 744,5175680.0,4.1,3,XL,Unisex,2026-05-10 02:04:43.247101
Crewneck 745,2882560.0,3.8,3,XXL,Men,2026-05-10 02:04:43.247138
T-shirt 746,1517440.0,5.0,3,S,Women,2026-05-10 02:04:43.247174
Hoodie 747,6326880.0,4.7,3,M,Unisex,2026-05-10 02:04:43.247209
Pants 748,3134080.0,3.7,3,L,Men,2026-05-10 02:04:43.247244
Outerwear 749,2627360.0,3.2,3,XL,Women,2026-05-10 02:04:43.247279
Jacket 750,1030400.0000000001,3.7,3,XXL,Unisex,2026-05-10 02:04:43.247314
T-shirt 752,7431520.0,3.8,3,M,Women,2026-05-10 02:04:43.247384
Hoodie 753,8137600.0,4.8,3,L,Unisex,2026-05-10 02:04:43.247419
Pants 754,7229760.0,3.1,3,XL,Men,2026-05-10 02:04:43.247454
Outerwear 755,6910400.0,4.6,3,XXL,Women,2026-05-10 02:04:43.247488
Jacket 756,7128000.0,3.1,3,S,Unisex,2026-05-10 02:04:43.247523
Crewneck 757,7582720.0,4.4,3,M,Men,2026-05-10 02:04:43.247558
T-shirt 758,6025920.0,3.1,3,L,Women,2026-05-10 02:04:43.247593
Hoodie 759,2779840.0,4.7,3,XL,Unisex,2026-05-10 02:04:43.247628
Pants 760,2191040.0,4.1,3,XXL,Men,2026-05-10 02:04:43.247663
Jacket 762,4091840.0,4.9,3,M,Unisex,2026-05-10 02:04:43.439798
Crewneck 763,5792640.0,3.9,3,L,Men,2026-05-10 02:04:43.439835
T-shirt 764,7211680.0,3.4,3,XL,Women,2026-05-10 02:04:43.439872
Hoodie 765,1343360.0,4.9,3,XXL,Unisex,2026-05-10 02:04:43.439908
Outerwear 767,4152800.0,4.5,3,M,Women,2026-05-10 02:04:43.439984
Jacket 768,5662080.0,4.9,3,L,Unisex,2026-05-10 02:04:43.440019
Crewneck 769,6294560.0,3.3,3,XL,Men,2026-05-10 02:04:43.440054
T-shirt 770,1655040.0,3.5,3,XXL,Women,2026-05-10 02:04:43.440089
Pants 772,8748160.0,3.4,3,M,Men,2026-05-10 02:04:43.440159
Outerwear 773,3393600.0,3.2,3,L,Women,2026-05-10 02:04:43.440194
Jacket 774,1485760.0,4.1,3,XL,Unisex,2026-05-10 02:04:43.440229
Crewneck 775,8189440.0,3.1,3,XXL,Men,2026-05-10 02:04:43.440263
T-shirt 776,5333120.0,3.7,3,S,Women,2026-05-10 02:04:43.440298
Hoodie 777,6104800.0,3.4,3,M,Unisex,2026-05-10 02:04:43.440332
Pants 778,6034720.0,4.2,3,L,Men,2026-05-10 02:04:43.440367
Outerwear 779,5816480.0,3.2,3,XL,Women,2026-05-10 02:04:43.440402
Jacket 780,2767520.0,3.4,3,XXL,Unisex,2026-05-10 02:04:43.440437
T-shirt 782,4117439.9999999995,4.5,3,M,Women,2026-05-10 02:04:43.695499
Hoodie 783,2510720.0,3.0,3,L,Unisex,2026-05-10 02:04:43.695538
Pants 784,5341280.0,3.0,3,XL,Men,2026-05-10 02:04:43.695574
Outerwear 785,6444480.0,4.3,3,XXL,Women,2026-05-10 02:04:43.695610
Jacket 786,6749280.0,5.0,3,S,Unisex,2026-05-10 02:04:43.695645
Crewneck 787,4593600.0,4.7,3,M,Men,2026-05-10 02:04:43.695681
T-shirt 788,3041120.0,4.7,3,L,Women,2026-05-10 02:04:43.695716
Hoodie 789,2153280.0,4.0,3,XL,Unisex,2026-05-10 02:04:43.695755
Pants 790,1708320.0,3.2,3,XXL,Men,2026-05-10 02:04:43.695791
Jacket 792,4068960.0,3.8,3,M,Unisex,2026-05-10 02:04:43.695867
Crewneck 793,8650080.0,4.0,3,L,Men,2026-05-10 02:04:43.695902
T-shirt 794,5983040.0,4.0,3,XL,Women,2026-05-10 02:04:43.695936
Hoodie 795,4209600.0,3.9,3,XXL,Unisex,2026-05-10 02:04:43.695971
Outerwear 797,2771360.0,4.9,3,M,Women,2026-05-10 02:04:43.696044
Jacket 798,4391040.0,3.4,3,L,Unisex,2026-05-10 02:04:43.696079
Crewneck 799,4048800.0,4.2,3,XL,Men,2026-05-10 02:04:43.696118
T-shirt 800,7433280.0,4.6,3,XXL,Women,2026-05-10 02:04:43.696154
Pants 802,5710240.0,4.4,3,M,Men,2026-05-10 02:04:43.856527
Outerwear 803,1875360.0,4.3,3,L,Women,2026-05-10 02:04:43.856564
Jacket 804,4459040.0,3.9,3,XL,Unisex,2026-05-10 02:04:43.856600
Crewneck 805,3266720.0,4.8,3,XXL,Men,2026-05-10 02:04:43.856636
T-shirt 806,7310560.0,3.0,3,S,Women,2026-05-10 02:04:43.856671
Hoodie 807,5016000.0,4.7,3,M,Unisex,2026-05-10 02:04:43.856705
Pants 808,8717760.0,3.2,3,L,Men,2026-05-10 02:04:43.856740
Outerwear 809,7162560.0,3.7,3,XL,Women,2026-05-10 02:04:43.856774
Jacket 810,3796640.0,4.8,3,XXL,Unisex,2026-05-10 02:04:43.856808
T-shirt 812,6406080.0,4.2,3,M,Women,2026-05-10 02:04:43.856877
Hoodie 813,4872800.0,5.0,3,L,Unisex,2026-05-10 02:04:43.856911
Pants 814,1110080.0,4.7,3,XL,Men,2026-05-10 02:04:43.856945
Outerwear 815,5985440.0,4.8,3,XXL,Women,2026-05-10 02:04:43.856979
Jacket 816,1649120.0,4.5,3,S,Unisex,2026-05-10 02:04:43.857014
Crewneck 817,8744160.0,4.4,3,M,Men,2026-05-10 02:04:43.857049
T-shirt 818,5160320.0,3.8,3,L,Women,2026-05-10 02:04:43.857084
Hoodie 819,4742400.0,4.7,3,XL,Unisex,2026-05-10 02:04:43.857118
Pants 820,6030720.0,3.4,3,XXL,Men,2026-05-10 02:04:43.857152
Jacket 822,838240.0,4.2,3,M,Unisex,2026-05-10 02:04:44.151004
Crewneck 823,6103520.0,4.7,3,L,Men,2026-05-10 02:04:44.151043
T-shirt 824,3301440.0,4.1,3,XL,Women,2026-05-10 02:04:44.151080
Hoodie 825,1058400.0,3.8,3,XXL,Unisex,2026-05-10 02:04:44.151116
Outerwear 827,7091040.0,4.8,3,M,Women,2026-05-10 02:04:44.151191
Jacket 828,2324000.0,4.6,3,L,Unisex,2026-05-10 02:04:44.151228
Crewneck 829,4630400.0,4.4,3,XL,Men,2026-05-10 02:04:44.151264
T-shirt 830,4496480.0,3.0,3,XXL,Women,2026-05-10 02:04:44.151301
Pants 832,3955360.0,4.6,3,M,Men,2026-05-10 02:04:44.151372
Outerwear 833,7101280.0,3.0,3,L,Women,2026-05-10 02:04:44.151410
Jacket 834,7223680.0,3.1,3,XL,Unisex,2026-05-10 02:04:44.151445
Crewneck 835,7143360.0,3.9,3,XXL,Men,2026-05-10 02:04:44.151481
T-shirt 836,6065440.0,4.1,3,S,Women,2026-05-10 02:04:44.151516
Hoodie 837,5532640.0,5.0,3,M,Unisex,2026-05-10 02:04:44.151551
Pants 838,2848800.0,3.1,3,L,Men,2026-05-10 02:04:44.151586
Outerwear 839,4208320.0,3.9,3,XL,Women,2026-05-10 02:04:44.151621
Jacket 840,8164640.0,3.6,3,XXL,Unisex,2026-05-10 02:04:44.151656
T-shirt 842,2859040.0,3.3,3,M,Women,2026-05-10 02:04:44.271763
Hoodie 843,2997120.0,3.6,3,L,Unisex,2026-05-10 02:04:44.271802
Pants 844,7422880.0,3.9,3,XL,Men,2026-05-10 02:04:44.271841
Outerwear 845,2023200.0,3.2,3,XXL,Women,2026-05-10 02:04:44.271877
Jacket 846,7480480.0,3.6,3,S,Unisex,2026-05-10 02:04:44.271913
Crewneck 847,4789920.0,3.7,3,M,Men,2026-05-10 02:04:44.271949
T-shirt 848,6134240.0,4.1,3,L,Women,2026-05-10 02:04:44.271986
Hoodie 849,7816160.0,3.5,3,XL,Unisex,2026-05-10 02:04:44.272022
Pants 850,4144160.0,4.2,3,XXL,Men,2026-05-10 02:04:44.272058
Jacket 852,2777280.0,4.1,3,M,Unisex,2026-05-10 02:04:44.272130
Crewneck 853,2643840.0,3.4,3,L,Men,2026-05-10 02:04:44.272166
T-shirt 854,1600000.0,4.5,3,XL,Women,2026-05-10 02:04:44.272202
Hoodie 855,3249760.0,5.0,3,XXL,Unisex,2026-05-10 02:04:44.272238
Outerwear 857,4532800.0,3.0,3,M,Women,2026-05-10 02:04:44.272314
Jacket 858,3748640.0,3.7,3,L,Unisex,2026-05-10 02:04:44.272350
Crewneck 859,6418560.0,3.0,3,XL,Men,2026-05-10 02:04:44.272385
T-shirt 860,2419360.0,4.7,3,XXL,Women,2026-05-10 02:04:44.272421
Pants 862,4131359.9999999995,3.3,3,M,Men,2026-05-10 02:04:44.785355
Outerwear 863,1071360.0,4.0,3,L,Women,2026-05-10 02:04:44.785557
Jacket 864,2168000.0,4.5,3,XL,Unisex,2026-05-10 02:04:44.785612
Crewneck 865,6805120.0,3.9,3,XXL,Men,2026-05-10 02:04:44.785653
T-shirt 866,2399040.0,3.2,3,S,Women,2026-05-10 02:04:44.785690
Hoodie 867,1303840.0,3.3,3,M,Unisex,2026-05-10 02:04:44.785728
Pants 868,7473760.0,4.6,3,L,Men,2026-05-10 02:04:44.785765
Outerwear 869,6040320.0,4.5,3,XL,Women,2026-05-10 02:04:44.785801
Jacket 870,6395040.0,3.5,3,XXL,Unisex,2026-05-10 02:04:44.785837
T-shirt 872,1343680.0,4.3,3,M,Women,2026-05-10 02:04:44.785910
Hoodie 873,8321600.0,4.8,3,L,Unisex,2026-05-10 02:04:44.785944
Pants 874,2755200.0,4.4,3,XL,Men,2026-05-10 02:04:44.785982
Outerwear 875,2506720.0,4.6,3,XXL,Women,2026-05-10 02:04:44.786019
Jacket 876,3225760.0,4.6,3,S,Unisex,2026-05-10 02:04:44.786055
Crewneck 877,4552640.0,4.6,3,M,Men,2026-05-10 02:04:44.786091
T-shirt 878,4809760.0,4.7,3,L,Women,2026-05-10 02:04:44.786126
Hoodie 879,1026880.0000000001,3.1,3,XL,Unisex,2026-05-10 02:04:44.786161
Pants 880,6497760.0,4.3,3,XXL,Men,2026-05-10 02:04:44.786196
Jacket 882,6420960.0,3.3,3,M,Unisex,2026-05-10 02:04:44.990476
Crewneck 883,5901120.0,3.6,3,L,Men,2026-05-10 02:04:44.990513
T-shirt 884,7414720.0,4.3,3,XL,Women,2026-05-10 02:04:44.990550
Hoodie 885,4760640.0,3.4,3,XXL,Unisex,2026-05-10 02:04:44.990593
Outerwear 887,7806400.0,3.8,3,M,Women,2026-05-10 02:04:44.990670
Jacket 888,7869280.0,4.2,3,L,Unisex,2026-05-10 02:04:44.990706
Crewneck 889,6333920.0,4.6,3,XL,Men,2026-05-10 02:04:44.990743
T-shirt 890,6439040.0,4.7,3,XXL,Women,2026-05-10 02:04:44.990779
Pants 892,8515360.0,4.4,3,M,Men,2026-05-10 02:04:44.990922
Outerwear 893,2673600.0,3.2,3,L,Women,2026-05-10 02:04:44.990963
Jacket 894,2946560.0,4.8,3,XL,Unisex,2026-05-10 02:04:44.991000
Crewneck 895,1126720.0,4.3,3,XXL,Men,2026-05-10 02:04:44.991038
T-shirt 896,7873760.0,4.9,3,S,Women,2026-05-10 02:04:44.991074
Hoodie 897,6077920.0,3.1,3,M,Unisex,2026-05-10 02:04:44.991110
Pants 898,8408640.0,4.1,3,L,Men,2026-05-10 02:04:44.991146
Outerwear 899,6192960.0,4.8,3,XL,Women,2026-05-10 02:04:44.991182
Jacket 900,7214240.0,3.3,3,XXL,Unisex,2026-05-10 02:04:44.991217
T-shirt 902,3164000.0,3.6,3,M,Women,2026-05-10 02:04:45.195599
Hoodie 903,2617920.0,4.1,3,L,Unisex,2026-05-10 02:04:45.195637
Pants 904,3356320.0,3.9,3,XL,Men,2026-05-10 02:04:45.195674
Outerwear 905,5027840.0,4.9,3,XXL,Women,2026-05-10 02:04:45.195709
Jacket 906,4301760.0,3.9,3,S,Unisex,2026-05-10 02:04:45.195744
Crewneck 907,8732640.0,4.9,3,M,Men,2026-05-10 02:04:45.195779
T-shirt 908,7954880.0,4.2,3,L,Women,2026-05-10 02:04:45.195814
Hoodie 909,8383840.0,3.6,3,XL,Unisex,2026-05-10 02:04:45.195848
Pants 910,2395200.0,4.7,3,XXL,Men,2026-05-10 02:04:45.195883
Jacket 912,7853280.0,4.9,3,M,Unisex,2026-05-10 02:04:45.195963
Crewneck 913,3222240.0,3.5,3,L,Men,2026-05-10 02:04:45.195998
T-shirt 914,5799200.0,4.6,3,XL,Women,2026-05-10 02:04:45.196032
Hoodie 915,2649120.0,4.2,3,XXL,Unisex,2026-05-10 02:04:45.196067
Outerwear 917,6061600.0,4.0,3,M,Women,2026-05-10 02:04:45.196152
Jacket 918,5380800.0,3.3,3,L,Unisex,2026-05-10 02:04:45.196189
Crewneck 919,8364000.0,4.7,3,XL,Men,2026-05-10 02:04:45.196225
T-shirt 920,3706080.0,3.2,3,XXL,Women,2026-05-10 02:04:45.196260
Pants 922,1210880.0,4.4,3,M,Men,2026-05-10 02:04:45.300602
Outerwear 923,2435840.0,3.7,3,L,Women,2026-05-10 02:04:45.300640
Jacket 924,3764320.0,3.8,3,XL,Unisex,2026-05-10 02:04:45.300676
Crewneck 925,7900800.0,4.5,3,XXL,Men,2026-05-10 02:04:45.300712
T-shirt 926,1911040.0,4.6,3,S,Women,2026-05-10 02:04:45.300747
Hoodie 927,7706400.0,3.5,3,M,Unisex,2026-05-10 02:04:45.300782
Pants 928,3911680.0,3.4,3,L,Men,2026-05-10 02:04:45.300817
Outerwear 929,1253440.0,3.3,3,XL,Women,2026-05-10 02:04:45.300852
Jacket 930,1741120.0,4.9,3,XXL,Unisex,2026-05-10 02:04:45.300888
T-shirt 932,5937600.0,4.2,3,M,Women,2026-05-10 02:04:45.300958
Hoodie 933,4960800.0,3.4,3,L,Unisex,2026-05-10 02:04:45.300992
Pants 934,2248160.0,3.6,3,XL,Men,2026-05-10 02:04:45.301027
Outerwear 935,6048000.0,4.1,3,XXL,Women,2026-05-10 02:04:45.301064
Jacket 936,6165440.0,3.1,3,S,Unisex,2026-05-10 02:04:45.301098
Crewneck 937,2475360.0,4.1,3,M,Men,2026-05-10 02:04:45.301133
T-shirt 938,4058400.0,3.6,3,L,Women,2026-05-10 02:04:45.301168
Hoodie 939,4466080.0,4.8,3,XL,Unisex,2026-05-10 02:04:45.301202
Pants 940,5776000.0,3.7,3,XXL,Men,2026-05-10 02:04:45.301236
Jacket 942,7972960.0,3.0,3,M,Unisex,2026-05-10 02:04:45.523811
Crewneck 943,4571040.0,4.4,3,L,Men,2026-05-10 02:04:45.523849
T-shirt 944,1578240.0,4.6,3,XL,Women,2026-05-10 02:04:45.523887
Hoodie 945,2107680.0,4.2,3,XXL,Unisex,2026-05-10 02:04:45.523923
Outerwear 947,7079680.0,4.6,3,M,Women,2026-05-10 02:04:45.523998
Jacket 948,4600480.0,3.9,3,L,Unisex,2026-05-10 02:04:45.524033
Crewneck 949,1844320.0,4.4,3,XL,Men,2026-05-10 02:04:45.524069
T-shirt 950,7691680.0,4.9,3,XXL,Women,2026-05-10 02:04:45.524104
Pants 952,7155040.0,3.7,3,M,Men,2026-05-10 02:04:45.524174
Outerwear 953,8423200.0,3.8,3,L,Women,2026-05-10 02:04:45.524209
Jacket 954,3878720.0,4.1,3,XL,Unisex,2026-05-10 02:04:45.524244
Crewneck 955,7006560.0,4.7,3,XXL,Men,2026-05-10 02:04:45.524280
T-shirt 956,4457600.0,3.1,3,S,Women,2026-05-10 02:04:45.524315
Hoodie 957,4024320.0,4.4,3,M,Unisex,2026-05-10 02:04:45.524349
Pants 958,3946240.0,4.8,3,L,Men,2026-05-10 02:04:45.524384
Outerwear 959,6828480.0,4.6,3,XL,Women,2026-05-10 02:04:45.524419
Jacket 960,5840160.0,4.5,3,XXL,Unisex,2026-05-10 02:04:45.524453
T-shirt 962,2887840.0,4.1,3,M,Women,2026-05-10 02:04:45.792421
Hoodie 963,7916160.0,4.6,3,L,Unisex,2026-05-10 02:04:45.792459
Pants 964,3885280.0,3.3,3,XL,Men,2026-05-10 02:04:45.792495
Outerwear 965,3107200.0,4.5,3,XXL,Women,2026-05-10 02:04:45.792531
Jacket 966,8499520.0,4.9,3,S,Unisex,2026-05-10 02:04:45.792565
Crewneck 967,1744000.0,3.5,3,M,Men,2026-05-10 02:04:45.792599
T-shirt 968,4045120.0,4.4,3,L,Women,2026-05-10 02:04:45.792634
Hoodie 969,4231840.0,3.8,3,XL,Unisex,2026-05-10 02:04:45.792669
Pants 970,952960.0,4.6,3,XXL,Men,2026-05-10 02:04:45.792704
Jacket 972,7272000.0,4.4,3,M,Unisex,2026-05-10 02:04:45.792774
Crewneck 973,7134400.0,3.9,3,L,Men,2026-05-10 02:04:45.792808
T-shirt 974,4769280.0,3.0,3,XL,Women,2026-05-10 02:04:45.792843
Hoodie 975,4816000.0,3.6,3,XXL,Unisex,2026-05-10 02:04:45.792880
Outerwear 977,3356000.0,3.6,3,M,Women,2026-05-10 02:04:45.792954
Jacket 978,3918240.0,3.6,3,L,Unisex,2026-05-10 02:04:45.792988
Crewneck 979,4848480.0,3.4,3,XL,Men,2026-05-10 02:04:45.793022
T-shirt 980,6544000.0,3.1,3,XXL,Women,2026-05-10 02:04:45.793056
Pants 982,7281760.0,4.9,3,M,Men,2026-05-10 02:04:46.068231
Outerwear 983,5762560.0,3.2,3,L,Women,2026-05-10 02:04:46.068268
Jacket 984,7349440.0,3.8,3,XL,Unisex,2026-05-10 02:04:46.068304
Crewneck 985,6236000.0,4.3,3,XXL,Men,2026-05-10 02:04:46.068340
T-shirt 986,6713760.0,4.5,3,S,Women,2026-05-10 02:04:46.068375
Hoodie 987,4008000.0,4.7,3,M,Unisex,2026-05-10 02:04:46.068411
Pants 988,2054239.9999999998,3.5,3,L,Men,2026-05-10 02:04:46.068446
Outerwear 989,6869440.0,4.2,3,XL,Women,2026-05-10 02:04:46.068480
Jacket 990,3327360.0,4.2,3,XXL,Unisex,2026-05-10 02:04:46.068522
T-shirt 992,4840480.0,4.9,3,M,Women,2026-05-10 02:04:46.068591
Hoodie 993,6361920.0,3.4,3,L,Unisex,2026-05-10 02:04:46.068626
Pants 994,1693760.0,4.4,3,XL,Men,2026-05-10 02:04:46.068660
Outerwear 995,8046720.0,3.2,3,XXL,Women,2026-05-10 02:04:46.068694
Jacket 996,6942400.0,4.3,3,S,Unisex,2026-05-10 02:04:46.068728
Crewneck 997,5321280.0,3.9,3,M,Men,2026-05-10 02:04:46.068763
T-shirt 998,908000.0,4.2,3,L,Women,2026-05-10 02:04:46.068801
Hoodie 999,8534240.0,4.8,3,XL,Unisex,2026-05-10 02:04:46.068835
Pants 1000,2938240.0,4.7,3,XXL,Men,2026-05-10 02:04:46.068881
